<?xml version="1.0" encoding="UTF-8"?>
<!DOCTYPE codetemplates PUBLIC "-//NetBeans//DTD Editor Code Templates settings 1.0//EN" "http://www.netbeans.org/dtds/EditorCodeTemplates-1_0.dtd">
<codetemplates>
    <codetemplate abbreviation="vec" xml:space="preserve">
        <code><![CDATA[
std::vector<${Type newVarName default="int"}> v;
]]></code>
    </codetemplate>
    <codetemplate abbreviation="cl" xml:space="preserve">
        <code><![CDATA[class Name{
    Name();
    ~Name();
};]]></code>
    </codetemplate>
    <codetemplate abbreviation="lst" xml:space="preserve">
        <code><![CDATA[std::list<${Type newVarName default="int"}> lst;]]></code>
    </codetemplate>
    <codetemplate abbreviation="map" xml:space="preserve">
        <code><![CDATA[std::map<${Type newVarName default="string"}, ${Type newVarName default="int"}> my_map;]]></code>
    </codetemplate>
</codetemplates>
